component,context,strata_spec,threshold,pair,pair_family,grids,O,E,Delta,rho,z_approx,q2.5,q50,q97.5,M,p_upper,R,seed,usable_grids,strata_used
spatial_ccem,all_observed,base_context_q4,0.8,pet_retail__pet_medical,companion_animal_pair,10144,823,674.3310378712238,148.66896212877623,1.2204688109835564,7.923296834465214,656.0,675.0,693.0249999999999,129.97500000000014,0.0004997501249375312,2000,20260609,10043,167
spatial_ccem,all_observed,base_context_q4,0.8,pet_retail__elder_care,pet_formal_care_contrast,10144,705,629.4452057681887,75.55479423181134,1.1200339498012422,3.9927373334826557,611.0,630.0,649.0,56.0,0.0004997501249375312,2000,20260609,10043,167
spatial_ccem,all_observed,base_context_q4,0.8,pet_medical__elder_care,pet_formal_care_contrast,10144,691,620.7988894683392,70.20111053166079,1.1130818880681022,3.7986401185511984,603.0,621.0,640.0,51.0,0.0004997501249375312,2000,20260609,10043,167
spatial_ccem,all_observed,base_context_q4,0.8,elder_care__health_care,formal_care_pair,10144,1026,969.4744514284223,56.5255485715777,1.0583053514079643,2.7048889144980315,955.0,969.0,984.0,42.0,0.0004997501249375312,2000,20260609,10043,167
spatial_ccem,all_observed,base_context_q4,0.8,health_care__transit,urban_service_pair,10144,1532,1463.4317015410938,68.56829845890616,1.0468544574965124,3.4214952358167423,1445.0,1463.0,1482.0,50.0,0.0004997501249375312,2000,20260609,10043,167
spatial_ccem,all_observed,base_context_q4,0.8,daily_life__health_care,urban_service_pair,10144,1960,1905.6532669008395,54.346733099160474,1.0285186891251967,3.0395664986368125,1894.0,1906.0,1917.0,43.0,0.0004997501249375312,2000,20260609,10043,167
spatial_ccem,all_observed,base_context_q4,0.9,pet_retail__pet_medical,companion_animal_pair,10144,527,383.22383475093847,143.77616524906153,1.3751754254599098,8.888171271788806,367.0,383.0,402.0,125.0,0.0004997501249375312,2000,20260609,10043,167
spatial_ccem,all_observed,base_context_q4,0.9,pet_retail__elder_care,pet_formal_care_contrast,10144,434,370.62506484321284,63.37493515678716,1.1709947361050632,3.95078740326018,353.0,371.0,389.0,45.0,0.0004997501249375312,2000,20260609,10043,167
spatial_ccem,all_observed,base_context_q4,0.9,pet_medical__elder_care,pet_formal_care_contrast,10144,401,331.2536067658669,69.74639323413311,1.2105528568129087,4.52687026339208,315.0,331.0,349.0,52.0,0.0004997501249375312,2000,20260609,10043,167
spatial_ccem,all_observed,base_context_q4,0.9,elder_care__health_care,formal_care_pair,10144,595,502.23817806515535,92.76182193484465,1.184696874881564,5.4016803092876104,487.0,503.0,518.0,77.0,0.0004997501249375312,2000,20260609,10043,167
spatial_ccem,all_observed,base_context_q4,0.9,health_care__transit,urban_service_pair,10144,847,744.0804940076272,102.91950599237282,1.138317704631722,5.872153667914166,730.0,744.0,760.0,87.0,0.0004997501249375312,2000,20260609,10043,167
spatial_ccem,all_observed,base_context_q4,0.9,daily_life__health_care,urban_service_pair,10144,986,783.6804310338397,202.31956896616032,1.2581659066046325,11.20386699315469,768.0,784.0,800.0,186.0,0.0004997501249375312,2000,20260609,10043,167
spatial_ccem,all_observed,no_service_density_q4,0.8,pet_retail__pet_medical,companion_animal_pair,10144,823,664.9503287211598,158.04967127884015,1.2376864322825483,8.386610889127082,647.975,665.0,684.0,139.0,0.0004997501249375312,2000,20260609,10135,60
spatial_ccem,all_observed,no_service_density_q4,0.8,pet_retail__elder_care,pet_formal_care_contrast,10144,705,618.0211109759335,86.97888902406646,1.1407377312511473,4.593771641020448,598.0,619.0,638.0,67.0,0.0004997501249375312,2000,20260609,10135,60
spatial_ccem,all_observed,no_service_density_q4,0.8,pet_medical__elder_care,pet_formal_care_contrast,10144,691,609.874991122409,81.12500887759097,1.1330190777757407,4.384819338790159,591.0,610.0,629.0,62.0,0.0004997501249375312,2000,20260609,10135,60
spatial_ccem,all_observed,no_service_density_q4,0.8,elder_care__health_care,formal_care_pair,10144,1026,953.9729378174738,72.02706218252615,1.0755022069570566,3.4082880442477825,938.0,954.0,972.0,54.0,0.0004997501249375312,2000,20260609,10135,60
spatial_ccem,all_observed,no_service_density_q4,0.8,health_care__transit,urban_service_pair,10144,1532,1442.2343478307744,89.76565216922563,1.0622406839112102,4.32413341483003,1424.0,1442.0,1461.0249999999999,70.97500000000014,0.0004997501249375312,2000,20260609,10135,60
spatial_ccem,all_observed,no_service_density_q4,0.8,daily_life__health_care,urban_service_pair,10144,1960,1902.9844009429935,57.01559905700651,1.0299611489346698,2.995255672830083,1890.0,1903.0,1915.0,45.0,0.0004997501249375312,2000,20260609,10135,60
spatial_ccem,all_observed,no_service_density_q4,0.9,pet_retail__pet_medical,companion_animal_pair,10144,527,375.3273906753694,151.67260932463063,1.4041074888025327,9.410036631034625,358.0,376.0,394.0,133.0,0.0004997501249375312,2000,20260609,10135,60
spatial_ccem,all_observed,no_service_density_q4,0.9,pet_retail__elder_care,pet_formal_care_contrast,10144,434,363.1563763208931,70.84362367910688,1.195077460560703,4.436121036709014,345.0,363.0,381.0,53.0,0.0004997501249375312,2000,20260609,10135,60
spatial_ccem,all_observed,no_service_density_q4,0.9,pet_medical__elder_care,pet_formal_care_contrast,10144,401,325.09505367792616,75.90494632207384,1.2334853928515117,4.947391572111922,308.0,325.0,343.0,58.0,0.0004997501249375312,2000,20260609,10135,60
spatial_ccem,all_observed,no_service_density_q4,0.9,elder_care__health_care,formal_care_pair,10144,595,490.6503164936575,104.3496835063425,1.212676278804951,6.098075757120415,475.0,491.0,506.0,89.0,0.0004997501249375312,2000,20260609,10135,60
spatial_ccem,all_observed,no_service_density_q4,0.9,health_care__transit,urban_service_pair,10144,847,719.8744750673796,127.12552493262035,1.1765940165064492,7.237342088576175,704.0,720.0,735.0,112.0,0.0004997501249375312,2000,20260609,10135,60
spatial_ccem,all_observed,no_service_density_q4,0.9,daily_life__health_care,urban_service_pair,10144,986,755.8832890136617,230.11671098633826,1.3044341822751675,12.72359395727382,739.0,756.0,774.0,212.0,0.0004997501249375312,2000,20260609,10135,60
spatial_ccem,all_observed,socio_spatial_q4,0.8,pet_retail__pet_medical,companion_animal_pair,10144,823,613.8864697224151,209.1135302775849,1.340638767249816,11.439168405152008,596.0,613.5,632.0,191.0,0.0004997501249375312,2000,20260609,10101,218
spatial_ccem,all_observed,socio_spatial_q4,0.8,pet_retail__elder_care,pet_formal_care_contrast,10144,705,581.5063059868653,123.4936940131347,1.2123686239370277,6.904754679314025,563.0,581.0,601.0,104.0,0.0004997501249375312,2000,20260609,10101,218
spatial_ccem,all_observed,socio_spatial_q4,0.8,pet_medical__elder_care,pet_formal_care_contrast,10144,691,580.5676792147315,110.43232078526853,1.190214379371993,6.258705656313987,563.0,580.0,599.0249999999999,91.97500000000014,0.0004997501249375312,2000,20260609,10101,218
spatial_ccem,all_observed,socio_spatial_q4,0.8,elder_care__health_care,formal_care_pair,10144,1026,871.9781569685086,154.02184303149136,1.1766349785262498,7.871826699222524,852.0,872.0,890.0,136.0,0.0004997501249375312,2000,20260609,10101,218
spatial_ccem,all_observed,socio_spatial_q4,0.8,health_care__transit,urban_service_pair,10144,1532,1304.5493089955633,227.45069100443675,1.1743519309205432,10.963134063133165,1283.0,1305.0,1328.0,204.0,0.0004997501249375312,2000,20260609,10101,218
spatial_ccem,all_observed,socio_spatial_q4,0.8,daily_life__health_care,urban_service_pair,10144,1960,1483.0937278865656,476.9062721134344,1.3215617888109028,22.064957023579307,1459.0,1484.0,1507.0,453.0,0.0004997501249375312,2000,20260609,10101,218
spatial_ccem,all_observed,socio_spatial_q4,0.9,pet_retail__pet_medical,companion_animal_pair,10144,527,357.57735710413215,169.42264289586785,1.4738069666042342,10.809358877675985,341.0,358.0,375.02499999999986,151.97500000000014,0.0004997501249375312,2000,20260609,10101,218
spatial_ccem,all_observed,socio_spatial_q4,0.9,pet_retail__elder_care,pet_formal_care_contrast,10144,434,352.81618877711196,81.18381122288804,1.2301022850008028,5.349121883705643,338.0,353.0,369.0,65.0,0.0004997501249375312,2000,20260609,10101,218
spatial_ccem,all_observed,socio_spatial_q4,0.9,pet_medical__elder_care,pet_formal_care_contrast,10144,401,316.3851517051317,84.6148482948683,1.2674425390662094,5.732731196504505,300.0,316.0,333.0,68.0,0.0004997501249375312,2000,20260609,10101,218
spatial_ccem,all_observed,socio_spatial_q4,0.9,elder_care__health_care,formal_care_pair,10144,595,482.565022772181,112.43497722781899,1.2329944606882532,7.092049450760085,469.0,483.0,498.0,97.0,0.0004997501249375312,2000,20260609,10101,218
spatial_ccem,all_observed,socio_spatial_q4,0.9,health_care__transit,urban_service_pair,10144,847,692.5662498186508,154.43375018134918,1.2229876928334118,9.148798669499149,677.0,692.0,708.0249999999999,138.97500000000014,0.0004997501249375312,2000,20260609,10101,218
spatial_ccem,all_observed,socio_spatial_q4,0.9,daily_life__health_care,urban_service_pair,10144,986,714.6613376748297,271.3386623251703,1.3796744668012657,15.875804587001268,697.975,715.0,732.0,254.0,0.0004997501249375312,2000,20260609,10101,218
spatial_ccem,all_observed,base_plus_spatial_q4,0.8,pet_retail__pet_medical,companion_animal_pair,10144,823,672.0607268666558,150.93927313334416,1.2245917178304218,8.253132000603275,655.0,672.0,689.0,134.0,0.0004997501249375312,2000,20260609,8457,652
spatial_ccem,all_observed,base_plus_spatial_q4,0.8,pet_retail__elder_care,pet_formal_care_contrast,10144,705,627.5328746839612,77.46712531603885,1.123447118774539,4.325680631858856,611.0,627.0,644.0,61.0,0.0004997501249375312,2000,20260609,8457,652
spatial_ccem,all_observed,base_plus_spatial_q4,0.8,pet_medical__elder_care,pet_formal_care_contrast,10144,691,624.1946935515698,66.8053064484302,1.1070263927883117,3.8028473324154857,608.0,624.0,640.0,51.0,0.0004997501249375312,2000,20260609,8457,652
spatial_ccem,all_observed,base_plus_spatial_q4,0.8,elder_care__health_care,formal_care_pair,10144,1026,942.7581014888895,83.24189851111055,1.0882961370256563,4.424719677906627,931.0,943.0,955.0,71.0,0.0004997501249375312,2000,20260609,8457,652
spatial_ccem,all_observed,base_plus_spatial_q4,0.8,health_care__transit,urban_service_pair,10144,1532,1412.1798137463986,119.82018625360138,1.0848476837632512,6.61380064033255,1396.0,1412.0,1428.0,104.0,0.0004997501249375312,2000,20260609,8457,652
spatial_ccem,all_observed,base_plus_spatial_q4,0.8,daily_life__health_care,urban_service_pair,10144,1960,1785.174186513064,174.8258134869361,1.0979320756527513,11.282901299027841,1776.0,1785.0,1795.0,165.0,0.0004997501249375312,2000,20260609,8457,652
spatial_ccem,all_observed,base_plus_spatial_q4,0.9,pet_retail__pet_medical,companion_animal_pair,10144,527,391.2362727239828,135.76372727601722,1.3470121170789258,8.506791169072931,374.0,391.0,409.0,118.0,0.0004997501249375312,2000,20260609,8457,652
spatial_ccem,all_observed,base_plus_spatial_q4,0.9,pet_retail__elder_care,pet_formal_care_contrast,10144,434,377.6392378848577,56.36076211514228,1.1492449842628023,3.6671322873912313,362.0,377.0,394.0,40.0,0.0004997501249375312,2000,20260609,8457,652
spatial_ccem,all_observed,base_plus_spatial_q4,0.9,pet_medical__elder_care,pet_formal_care_contrast,10144,401,338.851053381863,62.14894661813702,1.1834108113221629,4.148645679597708,323.0,339.0,355.0,46.0,0.0004997501249375312,2000,20260609,8457,652
spatial_ccem,all_observed,base_plus_spatial_q4,0.9,elder_care__health_care,formal_care_pair,10144,595,519.2416373445728,75.75836265542716,1.1459019408436872,4.753568636758492,506.0,519.0,533.0249999999999,61.975000000000136,0.0004997501249375312,2000,20260609,8457,652
spatial_ccem,all_observed,base_plus_spatial_q4,0.9,health_care__transit,urban_service_pair,10144,847,751.4625113779755,95.53748862202451,1.1271354021996853,5.802700192766968,738.0,751.0,765.0,82.0,0.0004997501249375312,2000,20260609,8457,652
spatial_ccem,all_observed,base_plus_spatial_q4,0.9,daily_life__health_care,urban_service_pair,10144,986,801.8570831164577,184.14291688354228,1.229645557494936,10.760128872909226,787.0,802.0,817.0,169.0,0.0004997501249375312,2000,20260609,8457,652
spatial_ccem,all_observed,fine_base_context_q5,0.8,pet_retail__pet_medical,companion_animal_pair,10144,823,692.310744277841,130.68925572215903,1.1887725371913487,7.1076292311279925,674.975,692.0,710.0,113.0,0.0004997501249375312,2000,20260609,9931,312
spatial_ccem,all_observed,fine_base_context_q5,0.8,pet_retail__elder_care,pet_formal_care_contrast,10144,705,649.6730784425065,55.326921557493506,1.0851611732013453,2.993379335270088,631.0,650.0,667.0,38.0,0.0004997501249375312,2000,20260609,9931,312
spatial_ccem,all_observed,fine_base_context_q5,0.8,pet_medical__elder_care,pet_formal_care_contrast,10144,691,639.9987211662268,51.0012788337732,1.0796896574118726,2.813402882606976,622.0,641.0,659.0,32.0,0.0004997501249375312,2000,20260609,9931,312
spatial_ccem,all_observed,fine_base_context_q5,0.8,elder_care__health_care,formal_care_pair,10144,1026,972.79727095347,53.20272904652995,1.054690458778101,2.6471625508609185,959.0,973.0,987.0,39.0,0.0004997501249375312,2000,20260609,9931,312
spatial_ccem,all_observed,fine_base_context_q5,0.8,health_care__transit,urban_service_pair,10144,1532,1474.6306024084397,57.3693975915603,1.0389042499849535,2.9815352544593625,1457.0,1474.0,1492.0,40.0,0.0004997501249375312,2000,20260609,9931,312
spatial_ccem,all_observed,fine_base_context_q5,0.8,daily_life__health_care,urban_service_pair,10144,1960,1880.6764703885724,79.3235296114276,1.0421781900610678,5.423286324438174,1869.0,1881.0,1892.0,68.0,0.0004997501249375312,2000,20260609,9931,312
spatial_ccem,all_observed,fine_base_context_q5,0.9,pet_retail__pet_medical,companion_animal_pair,10144,527,402.9651981878901,124.03480181210989,1.3078052456387967,7.666231760360044,387.0,403.0,420.0,107.0,0.0004997501249375312,2000,20260609,9931,312
spatial_ccem,all_observed,fine_base_context_q5,0.9,pet_retail__elder_care,pet_formal_care_contrast,10144,434,387.9384781308885,46.061521869111516,1.1187340892067186,2.88824498832781,371.975,388.0,405.0,29.0,0.0004997501249375312,2000,20260609,9931,312
spatial_ccem,all_observed,fine_base_context_q5,0.9,pet_medical__elder_care,pet_formal_care_contrast,10144,401,347.5540237470795,53.4459762529205,1.15377746364926,3.466277143622468,331.0,348.0,365.0,36.0,0.0004997501249375312,2000,20260609,9931,312
spatial_ccem,all_observed,fine_base_context_q5,0.9,elder_care__health_care,formal_care_pair,10144,595,527.175695776803,67.82430422319703,1.1286559770614173,4.021908671718773,513.0,527.0,542.0,53.0,0.0004997501249375312,2000,20260609,9931,312
spatial_ccem,all_observed,fine_base_context_q5,0.9,health_care__transit,urban_service_pair,10144,847,769.260789424597,77.73921057540304,1.1010570298709124,4.64193301473641,755.0,769.0,784.0,63.0,0.0004997501249375312,2000,20260609,9931,312
spatial_ccem,all_observed,fine_base_context_q5,0.9,daily_life__health_care,urban_service_pair,10144,986,843.5165843368144,142.4834156631856,1.1689159624232026,8.260825763177383,829.0,844.0,858.0,128.0,0.0004997501249375312,2000,20260609,9931,312
spatial_ccem,non_elite,base_context_q4,0.8,pet_retail__pet_medical,companion_animal_pair,9907,698,553.7519583872855,144.24804161271447,1.2604921561502265,8.314611755690816,536.0,554.0,572.0,126.0,0.0004997501249375312,2000,20260609,9814,180
spatial_ccem,non_elite,base_context_q4,0.8,pet_retail__elder_care,pet_formal_care_contrast,9907,557,481.3274476210154,75.67255237898462,1.1572163664320412,4.337369057072144,462.0,481.0,501.0,56.0,0.0004997501249375312,2000,20260609,9814,180
spatial_ccem,non_elite,base_context_q4,0.8,pet_medical__elder_care,pet_formal_care_contrast,9907,551,476.51564208671766,74.48435791328234,1.1563104153036963,4.37866127229652,459.0,477.0,494.0,57.0,0.0004997501249375312,2000,20260609,9814,180
spatial_ccem,non_elite,base_context_q4,0.8,elder_care__health_care,formal_care_pair,9907,828,767.4430581671867,60.55694183281332,1.0789074071207783,3.006491458624898,753.0,767.0,783.0,45.0,0.0004997501249375312,2000,20260609,9814,180
spatial_ccem,non_elite,base_context_q4,0.8,health_care__transit,urban_service_pair,9907,1307,1227.999770854236,79.00022914576402,1.0643324461622732,3.907071465569267,1209.0,1228.0,1247.0,60.0,0.0004997501249375312,2000,20260609,9814,180
spatial_ccem,non_elite,base_context_q4,0.8,daily_life__health_care,urban_service_pair,9907,1731,1653.2419558505017,77.75804414949835,1.0470336745775946,4.071457953615757,1639.0,1653.0,1668.0,63.0,0.0004997501249375312,2000,20260609,9814,180
spatial_ccem,non_elite,base_context_q4,0.9,pet_retail__pet_medical,companion_animal_pair,9907,446,314.52230862250303,131.47769137749697,1.4180234208292664,8.93982438022072,299.0,315.0,331.0,115.0,0.0004997501249375312,2000,20260609,9814,180
spatial_ccem,non_elite,base_context_q4,0.9,pet_retail__elder_care,pet_formal_care_contrast,9907,331,264.54573524954634,66.45426475045366,1.251201421515139,4.728551495328524,248.0,264.0,280.0,51.0,0.0004997501249375312,2000,20260609,9814,180
spatial_ccem,non_elite,base_context_q4,0.9,pet_medical__elder_care,pet_formal_care_contrast,9907,310,239.1116871637399,70.8883128362601,1.2964652781179906,5.2585220216854145,223.0,239.0,254.02499999999986,55.975000000000136,0.0004997501249375312,2000,20260609,9814,180
spatial_ccem,non_elite,base_context_q4,0.9,elder_care__health_care,formal_care_pair,9907,424,339.26915101118425,84.73084898881575,1.2497452206788542,5.58186170331003,324.0,339.0,355.0,69.0,0.0004997501249375312,2000,20260609,9814,180
spatial_ccem,non_elite,base_context_q4,0.9,health_care__transit,urban_service_pair,9907,639,536.7310296549974,102.26897034500257,1.1905404470666425,6.208573669218728,522.0,537.0,552.0,87.0,0.0004997501249375312,2000,20260609,9814,180
spatial_ccem,non_elite,base_context_q4,0.9,daily_life__health_care,urban_service_pair,9907,780,577.0347950006947,202.96520499930534,1.3517382430968674,11.915554246844234,561.0,577.0,594.0,186.0,0.0004997501249375312,2000,20260609,9814,180
spatial_ccem,non_elite,no_service_density_q4,0.8,pet_retail__pet_medical,companion_animal_pair,9907,698,540.6259719116304,157.37402808836964,1.2910959448209671,9.049208785597713,523.0,541.0,559.0249999999999,138.97500000000014,0.0004997501249375312,2000,20260609,9905,63
spatial_ccem,non_elite,no_service_density_q4,0.8,pet_retail__elder_care,pet_formal_care_contrast,9907,557,468.8911003983843,88.10889960161569,1.1879090891824469,5.062073841572074,449.0,469.0,487.02499999999986,69.97500000000014,0.0004997501249375312,2000,20260609,9905,63
spatial_ccem,non_elite,no_service_density_q4,0.8,pet_medical__elder_care,pet_formal_care_contrast,9907,551,463.37267024141397,87.62732975858603,1.1891076780875591,5.1654825434591904,446.0,463.0,482.02499999999986,68.97500000000014,0.0004997501249375312,2000,20260609,9905,63
spatial_ccem,non_elite,no_service_density_q4,0.8,elder_care__health_care,formal_care_pair,9907,828,748.4924320602577,79.50756793974233,1.1062236096641542,3.9151255158494758,731.0,748.0,765.0,63.0,0.0004997501249375312,2000,20260609,9905,63
spatial_ccem,non_elite,no_service_density_q4,0.8,health_care__transit,urban_service_pair,9907,1307,1197.6449327548944,109.3550672451056,1.0913084205963788,5.2273900931148685,1178.0,1197.5,1217.0,90.0,0.0004997501249375312,2000,20260609,9905,63
spatial_ccem,non_elite,no_service_density_q4,0.8,daily_life__health_care,urban_service_pair,9907,1731,1631.0551621817283,99.94483781827171,1.061276184972545,4.877073660417403,1616.0,1631.0,1646.0,85.0,0.0004997501249375312,2000,20260609,9905,63
spatial_ccem,non_elite,no_service_density_q4,0.9,pet_retail__pet_medical,companion_animal_pair,9907,446,304.6385355411416,141.3614644588584,1.4640301470979447,9.683378265873264,289.0,305.0,321.0,125.0,0.0004997501249375312,2000,20260609,9905,63
spatial_ccem,non_elite,no_service_density_q4,0.9,pet_retail__elder_care,pet_formal_care_contrast,9907,331,256.97269387158,74.02730612841998,1.2880746005076107,5.317328034071078,241.0,257.0,273.0,58.0,0.0004997501249375312,2000,20260609,9905,63
spatial_ccem,non_elite,no_service_density_q4,0.9,pet_medical__elder_care,pet_formal_care_contrast,9907,310,232.8910827622885,77.1089172377115,1.3310943309770964,5.764821876101025,216.0,233.0,248.0,62.0,0.0004997501249375312,2000,20260609,9905,63
spatial_ccem,non_elite,no_service_density_q4,0.9,elder_care__health_care,formal_care_pair,9907,424,327.80635229598295,96.19364770401705,1.2934465638944113,6.394370595244299,312.0,328.0,343.0,81.0,0.0004997501249375312,2000,20260609,9905,63
spatial_ccem,non_elite,no_service_density_q4,0.9,health_care__transit,urban_service_pair,9907,639,513.3269488621031,125.67305113789689,1.2448206769905177,7.645665969809871,496.975,514.0,530.0,109.0,0.0004997501249375312,2000,20260609,9905,63
spatial_ccem,non_elite,no_service_density_q4,0.9,daily_life__health_care,urban_service_pair,9907,780,549.3149535913208,230.68504640867923,1.4199504217034373,13.603001390645861,532.0,549.0,566.0,214.0,0.0004997501249375312,2000,20260609,9905,63
spatial_ccem,non_elite,socio_spatial_q4,0.8,pet_retail__pet_medical,companion_animal_pair,9907,698,487.63097800034114,210.36902199965886,1.4314102907537423,12.51480012134658,471.0,488.0,506.0,192.0,0.0004997501249375312,2000,20260609,9859,218
spatial_ccem,non_elite,socio_spatial_q4,0.8,pet_retail__elder_care,pet_formal_care_contrast,9907,557,431.3542488328153,125.6457511671847,1.2912820529927889,7.664408392810103,414.0,431.0,450.0,107.0,0.0004997501249375312,2000,20260609,9859,218
spatial_ccem,non_elite,socio_spatial_q4,0.8,pet_medical__elder_care,pet_formal_care_contrast,9907,551,432.309361667167,118.69063833283298,1.2745502384568121,7.348853462614761,415.0,433.0,451.0,100.0,0.0004997501249375312,2000,20260609,9859,218
spatial_ccem,non_elite,socio_spatial_q4,0.8,elder_care__health_care,formal_care_pair,9907,828,664.6541646363667,163.34583536363334,1.2457606437371833,8.612319924238992,646.0,665.0,684.0,144.0,0.0004997501249375312,2000,20260609,9859,218
spatial_ccem,non_elite,socio_spatial_q4,0.8,health_care__transit,urban_service_pair,9907,1307,1061.886535260051,245.113464739949,1.230828300953945,11.6429289994397,1040.0,1061.0,1084.0,223.0,0.0004997501249375312,2000,20260609,9859,218
spatial_ccem,non_elite,socio_spatial_q4,0.8,daily_life__health_care,urban_service_pair,9907,1731,1245.2081283838754,485.7918716161246,1.3901290559728532,22.083112435634945,1221.0,1244.0,1268.0,463.0,0.0004997501249375312,2000,20260609,9859,218
spatial_ccem,non_elite,socio_spatial_q4,0.9,pet_retail__pet_medical,companion_animal_pair,9907,446,286.70990582462105,159.29009417537895,1.5555793188143834,11.328607140111925,271.0,287.0,302.0,144.0,0.0004997501249375312,2000,20260609,9859,218
spatial_ccem,non_elite,socio_spatial_q4,0.9,pet_retail__elder_care,pet_formal_care_contrast,9907,331,247.99581381961562,83.00418618038438,1.3346999487691313,6.2963809113175175,233.0,248.0,263.0,68.0,0.0004997501249375312,2000,20260609,9859,218
spatial_ccem,non_elite,socio_spatial_q4,0.9,pet_medical__elder_care,pet_formal_care_contrast,9907,310,226.61097125043622,83.38902874956378,1.36798319291173,6.52315551866178,212.0,227.0,241.0,69.0,0.0004997501249375312,2000,20260609,9859,218
spatial_ccem,non_elite,socio_spatial_q4,0.9,elder_care__health_care,formal_care_pair,9907,424,313.4005935171785,110.59940648282151,1.3529010753987587,7.822323039333506,299.0,313.0,328.0,96.0,0.0004997501249375312,2000,20260609,9859,218
spatial_ccem,non_elite,socio_spatial_q4,0.9,health_care__transit,urban_service_pair,9907,639,479.5940469757946,159.40595302420542,1.3323768383477261,9.979955642577378,463.0,480.0,497.0,142.0,0.0004997501249375312,2000,20260609,9859,218
spatial_ccem,non_elite,socio_spatial_q4,0.9,daily_life__health_care,urban_service_pair,9907,780,506.1915061073662,273.8084938926338,1.5409187838773364,16.865056988855343,489.0,506.0,523.0,257.0,0.0004997501249375312,2000,20260609,9859,218
spatial_ccem,non_elite,base_plus_spatial_q4,0.8,pet_retail__pet_medical,companion_animal_pair,9907,698,550.0536562378327,147.94634376216732,1.2689671127250868,8.833150369279537,534.0,550.0,567.0,131.0,0.0004997501249375312,2000,20260609,8069,644
spatial_ccem,non_elite,base_plus_spatial_q4,0.8,pet_retail__elder_care,pet_formal_care_contrast,9907,557,479.68549582053595,77.31450417946405,1.1611774899451819,4.673097210750812,463.0,480.0,496.0,61.0,0.0004997501249375312,2000,20260609,8069,644
spatial_ccem,non_elite,base_plus_spatial_q4,0.8,pet_medical__elder_care,pet_formal_care_contrast,9907,551,480.09836587062557,70.90163412937443,1.1476814735680243,4.39195802373591,464.0,480.0,496.0,55.0,0.0004997501249375312,2000,20260609,8069,644
spatial_ccem,non_elite,base_plus_spatial_q4,0.8,elder_care__health_care,formal_care_pair,9907,828,742.4871188314938,85.51288116850617,1.1151708615539135,4.629616079373481,729.975,742.0,756.0,72.0,0.0004997501249375312,2000,20260609,8069,644
spatial_ccem,non_elite,base_plus_spatial_q4,0.8,health_care__transit,urban_service_pair,9907,1307,1179.7802176556593,127.21978234434073,1.1078334595210786,6.887368435139058,1163.975,1180.0,1195.0,112.0,0.0004997501249375312,2000,20260609,8069,644
spatial_ccem,non_elite,base_plus_spatial_q4,0.8,daily_life__health_care,urban_service_pair,9907,1731,1556.7674631671007,174.2325368328993,1.1119194362390123,10.24926630176447,1546.0,1557.0,1568.0,163.0,0.0004997501249375312,2000,20260609,8069,644
spatial_ccem,non_elite,base_plus_spatial_q4,0.9,pet_retail__pet_medical,companion_animal_pair,9907,446,323.30673824448263,122.69326175551737,1.3794949106898522,8.540745695101613,308.0,324.0,340.0,106.0,0.0004997501249375312,2000,20260609,8069,644
spatial_ccem,non_elite,base_plus_spatial_q4,0.9,pet_retail__elder_care,pet_formal_care_contrast,9907,331,274.16018629376276,56.83981370623724,1.2073233698686408,4.195907508229458,260.0,274.0,289.0,42.0,0.0004997501249375312,2000,20260609,8069,644
spatial_ccem,non_elite,base_plus_spatial_q4,0.9,pet_medical__elder_care,pet_formal_care_contrast,9907,310,249.5743493724274,60.425650627572594,1.2421148278239218,4.607410928875875,236.0,250.0,265.0,45.0,0.0004997501249375312,2000,20260609,8069,644
spatial_ccem,non_elite,base_plus_spatial_q4,0.9,elder_care__health_care,formal_care_pair,9907,424,351.07486257076954,72.92513742923046,1.2077196210951453,5.039180966944064,337.0,351.0,366.0,58.0,0.0004997501249375312,2000,20260609,8069,644
spatial_ccem,non_elite,base_plus_spatial_q4,0.9,health_care__transit,urban_service_pair,9907,639,542.244410736461,96.75558926353904,1.178435383284317,6.154158900487355,528.0,543.0,556.0,83.0,0.0004997501249375312,2000,20260609,8069,644
spatial_ccem,non_elite,base_plus_spatial_q4,0.9,daily_life__health_care,urban_service_pair,9907,780,592.4434405932913,187.55655940670874,1.316581375631206,11.45369198058647,577.975,593.0,608.0,172.0,0.0004997501249375312,2000,20260609,8069,644
spatial_ccem,non_elite,fine_base_context_q5,0.8,pet_retail__pet_medical,companion_animal_pair,9907,698,567.4945116701791,130.50548832982088,1.2299678422364533,7.754463061602252,552.0,568.0,585.0,113.0,0.0004997501249375312,2000,20260609,9680,321
spatial_ccem,non_elite,fine_base_context_q5,0.8,pet_retail__elder_care,pet_formal_care_contrast,9907,557,495.45617052568406,61.54382947431594,1.1242164961009917,3.610268171990981,477.0,496.0,513.0,44.0,0.0004997501249375312,2000,20260609,9680,321
spatial_ccem,non_elite,fine_base_context_q5,0.8,pet_medical__elder_care,pet_formal_care_contrast,9907,551,491.5659997727868,59.434000227213176,1.1209074676740967,3.5754462195017065,475.0,492.0,510.0,41.0,0.0004997501249375312,2000,20260609,9680,321
spatial_ccem,non_elite,fine_base_context_q5,0.8,elder_care__health_care,formal_care_pair,9907,828,772.180076595592,55.81992340440797,1.0722887382053528,2.8704692121542354,757.0,773.0,786.0,42.0,0.0004997501249375312,2000,20260609,9680,321
spatial_ccem,non_elite,fine_base_context_q5,0.8,health_care__transit,urban_service_pair,9907,1307,1246.521064169227,60.478935830773025,1.0485181819780003,3.1304463458254,1228.975,1247.0,1265.0,42.0,0.0004997501249375312,2000,20260609,9680,321
spatial_ccem,non_elite,fine_base_context_q5,0.8,daily_life__health_care,urban_service_pair,9907,1731,1678.3064856829028,52.6935143170972,1.0313968364935777,3.583966230792641,1671.0,1678.0,1685.0,46.0,0.0004997501249375312,2000,20260609,9680,321
spatial_ccem,non_elite,fine_base_context_q5,0.9,pet_retail__pet_medical,companion_animal_pair,9907,446,331.3115029560854,114.6884970439146,1.3461651527961476,7.862191968833243,316.0,331.0,347.0,99.0,0.0004997501249375312,2000,20260609,9680,321
spatial_ccem,non_elite,fine_base_context_q5,0.9,pet_retail__elder_care,pet_formal_care_contrast,9907,331,277.1136314250726,53.88636857492742,1.1944558566022672,3.8475584647447416,262.0,277.0,292.0,39.0,0.0004997501249375312,2000,20260609,9680,321
spatial_ccem,non_elite,fine_base_context_q5,0.9,pet_medical__elder_care,pet_formal_care_contrast,9907,310,250.1900700963352,59.809929903664795,1.2390579685302263,4.442014653723827,236.0,250.0,266.0,44.0,0.0004997501249375312,2000,20260609,9680,321
spatial_ccem,non_elite,fine_base_context_q5,0.9,elder_care__health_care,formal_care_pair,9907,424,356.6871687497855,67.31283125021451,1.188716716348813,4.473773088213056,342.0,357.0,371.0,53.0,0.0004997501249375312,2000,20260609,9680,321
spatial_ccem,non_elite,fine_base_context_q5,0.9,health_care__transit,urban_service_pair,9907,639,560.7897103918177,78.21028960818228,1.1394645589226977,4.9031040489267435,546.0,561.0,576.0,63.0,0.0004997501249375312,2000,20260609,9680,321
spatial_ccem,non_elite,fine_base_context_q5,0.9,daily_life__health_care,urban_service_pair,9907,780,620.7156491536895,159.28435084631053,1.2566140406859174,9.61171266436154,606.0,621.0,636.0,144.0,0.0004997501249375312,2000,20260609,9680,321
spatial_ccem,daily_life_top_non_elite,base_context_q4,0.8,pet_retail__pet_medical,companion_animal_pair,2071,680,583.0448231043749,96.95517689562507,1.166291120431179,6.959731920142432,570.0,583.0,597.0,83.0,0.0004997501249375312,2000,20260609,1936,125
spatial_ccem,daily_life_top_non_elite,base_context_q4,0.8,pet_retail__elder_care,pet_formal_care_contrast,2071,541,506.2294867682673,34.77051323173271,1.0686852783975607,2.390053201110121,492.0,506.0,521.0,20.0,0.0004997501249375312,2000,20260609,1936,125
spatial_ccem,daily_life_top_non_elite,base_context_q4,0.8,pet_medical__elder_care,pet_formal_care_contrast,2071,535,488.93165371418075,46.068346285819246,1.0942224663424018,3.2292419633069973,475.0,489.0,504.0,31.0,0.0004997501249375312,2000,20260609,1936,125
spatial_ccem,daily_life_top_non_elite,base_context_q4,0.8,elder_care__health_care,formal_care_pair,2071,774,713.495459609145,60.50454039085503,1.0848001757768713,3.601565126794972,703.0,713.0,723.0,51.0,0.0004997501249375312,2000,20260609,1936,125
spatial_ccem,daily_life_top_non_elite,base_context_q4,0.8,health_care__transit,urban_service_pair,2071,1200,1089.8125189323296,110.18748106767043,1.1011068226447052,7.058872700399131,1078.0,1090.0,1102.0,98.0,0.0004997501249375312,2000,20260609,1936,125
spatial_ccem,daily_life_top_non_elite,base_context_q4,0.8,daily_life__health_care,urban_service_pair,2071,1731,1606.0,125.0,1.0778331257783313,9.018011051886305,1606.0,1606.0,1606.0,125.0,0.0004997501249375312,2000,20260609,1936,125
spatial_ccem,daily_life_top_non_elite,base_context_q4,0.9,pet_retail__pet_medical,companion_animal_pair,2071,442,376.39358689237474,65.60641310762526,1.1743026857850918,5.147027500397021,364.0,376.0,390.0,52.0,0.0004997501249375312,2000,20260609,1936,125
spatial_ccem,daily_life_top_non_elite,base_context_q4,0.9,pet_retail__elder_care,pet_formal_care_contrast,2071,328,318.60071367575495,9.399286324245054,1.0295017742295796,0.7614035194226163,307.0,319.0,331.0,-3.0,0.07546226886556721,2000,20260609,1936,125
spatial_ccem,daily_life_top_non_elite,base_context_q4,0.9,pet_medical__elder_care,pet_formal_care_contrast,2071,307,277.11493792659815,29.885062073401855,1.1078435623030822,2.5016203134357187,264.0,277.0,289.02499999999986,17.975000000000136,0.0004997501249375312,2000,20260609,1936,125
spatial_ccem,daily_life_top_non_elite,base_context_q4,0.9,elder_care__health_care,formal_care_pair,2071,423,391.1203076603997,31.879692339600297,1.0815086604178086,2.484100238427732,382.0,391.0,400.02499999999986,22.975000000000136,0.0004997501249375312,2000,20260609,1936,125
spatial_ccem,daily_life_top_non_elite,base_context_q4,0.9,health_care__transit,urban_service_pair,2071,639,586.7898198448142,52.21018015518575,1.0889759474167318,4.3389946528225325,576.0,587.0,598.0,41.0,0.0004997501249375312,2000,20260609,1936,125
spatial_ccem,daily_life_top_non_elite,base_context_q4,0.9,daily_life__health_care,urban_service_pair,2071,780,729.8960627579049,50.10393724209507,1.0686453041721828,4.765809070783472,724.0,730.0,736.0,44.0,0.0004997501249375312,2000,20260609,1936,125
spatial_ccem,daily_life_top_non_elite,no_service_density_q4,0.8,pet_retail__pet_medical,companion_animal_pair,2071,680,602.2641319740088,77.73586802599118,1.1290727172664268,5.237737160597476,587.0,602.0,616.0249999999999,63.975000000000136,0.0004997501249375312,2000,20260609,2056,58
spatial_ccem,daily_life_top_non_elite,no_service_density_q4,0.8,pet_retail__elder_care,pet_formal_care_contrast,2071,541,515.615133689907,25.384866310093003,1.0492321979155863,1.6759696593530167,500.975,516.0,530.0,11.0,0.0004997501249375312,2000,20260609,2056,58
spatial_ccem,daily_life_top_non_elite,no_service_density_q4,0.8,pet_medical__elder_care,pet_formal_care_contrast,2071,535,500.15314839369137,34.84685160630863,1.0696723627917248,2.3419308893710165,485.0,500.0,516.0,19.0,0.0004997501249375312,2000,20260609,2056,58
spatial_ccem,daily_life_top_non_elite,no_service_density_q4,0.8,elder_care__health_care,formal_care_pair,2071,774,744.6688495311138,29.33115046888622,1.0393881797088125,1.6519545168668957,734.0,745.0,756.0,18.0,0.0004997501249375312,2000,20260609,2056,58
spatial_ccem,daily_life_top_non_elite,no_service_density_q4,0.8,health_care__transit,urban_service_pair,2071,1200,1160.9686584651793,39.03134153482074,1.0336196341307102,2.2757153605990434,1147.975,1161.0,1174.0,26.0,0.0004997501249375312,2000,20260609,2056,58
spatial_ccem,daily_life_top_non_elite,no_service_density_q4,0.8,daily_life__health_care,urban_service_pair,2071,1731,1719.0,12.0,1.006980802792321,0.8260439502522632,1719.0,1719.0,1719.0,12.0,0.0004997501249375312,2000,20260609,2056,58
spatial_ccem,daily_life_top_non_elite,no_service_density_q4,0.9,pet_retail__pet_medical,companion_animal_pair,2071,442,379.72204162738575,62.27795837261425,1.164009331946357,4.689067246204183,366.0,380.0,393.0,49.0,0.0004997501249375312,2000,20260609,2056,58
spatial_ccem,daily_life_top_non_elite,no_service_density_q4,0.9,pet_retail__elder_care,pet_formal_care_contrast,2071,328,322.507169959088,5.492830040911997,1.0170316524795675,0.4336516636435707,310.0,323.0,335.0,-7.0,0.23588205897051473,2000,20260609,2056,58
spatial_ccem,daily_life_top_non_elite,no_service_density_q4,0.9,pet_medical__elder_care,pet_formal_care_contrast,2071,307,282.3114864104645,24.68851358953549,1.0874513251424698,2.012053332309714,270.0,282.0,296.0,11.0,0.0009995002498750624,2000,20260609,2056,58
spatial_ccem,daily_life_top_non_elite,no_service_density_q4,0.9,elder_care__health_care,formal_care_pair,2071,423,400.8807150067405,22.119284993259498,1.0551767250586939,1.668387564564371,390.0,401.0,412.0,11.0,0.0004997501249375312,2000,20260609,2056,58
spatial_ccem,daily_life_top_non_elite,no_service_density_q4,0.9,health_care__transit,urban_service_pair,2071,639,602.1447932439964,36.855206756003554,1.0612065522603786,2.8619794917338903,590.0,602.0,615.0,24.0,0.0004997501249375312,2000,20260609,2056,58
spatial_ccem,daily_life_top_non_elite,no_service_density_q4,0.9,daily_life__health_care,urban_service_pair,2071,780,767.0119449580644,12.988055041935581,1.0169333152205937,1.1343008519502782,761.0,767.0,773.0,7.0,0.0004997501249375312,2000,20260609,2056,58
spatial_ccem,daily_life_top_non_elite,socio_spatial_q4,0.8,pet_retail__pet_medical,companion_animal_pair,2071,680,545.0456426290025,134.9543573709975,1.2476019379222103,9.241890413436558,530.0,545.0,560.0,120.0,0.0004997501249375312,2000,20260609,1947,150
spatial_ccem,daily_life_top_non_elite,socio_spatial_q4,0.8,pet_retail__elder_care,pet_formal_care_contrast,2071,541,472.83096123350975,68.16903876649025,1.1441721129865365,4.587783425762411,458.0,472.0,488.0,53.0,0.0004997501249375312,2000,20260609,1947,150
spatial_ccem,daily_life_top_non_elite,socio_spatial_q4,0.8,pet_medical__elder_care,pet_formal_care_contrast,2071,535,467.29470028272027,67.70529971727973,1.144887797093177,4.695020613224806,453.0,467.0,481.02499999999986,53.975000000000136,0.0004997501249375312,2000,20260609,1947,150
spatial_ccem,daily_life_top_non_elite,socio_spatial_q4,0.8,elder_care__health_care,formal_care_pair,2071,774,704.242089180779,69.75791081922102,1.099053879185733,4.142907016976607,693.0,704.0,715.0,59.0,0.0004997501249375312,2000,20260609,1947,150
spatial_ccem,daily_life_top_non_elite,socio_spatial_q4,0.8,health_care__transit,urban_service_pair,2071,1200,1084.2093770030185,115.79062299698148,1.1067972897606282,6.962136305830688,1072.0,1084.0,1097.0,103.0,0.0004997501249375312,2000,20260609,1947,150
spatial_ccem,daily_life_top_non_elite,socio_spatial_q4,0.8,daily_life__health_care,urban_service_pair,2071,1731,1626.0,105.0,1.0645756457564575,7.3924040787938985,1626.0,1626.0,1626.0,105.0,0.0004997501249375312,2000,20260609,1947,150
spatial_ccem,daily_life_top_non_elite,socio_spatial_q4,0.9,pet_retail__pet_medical,companion_animal_pair,2071,442,339.4833106899748,102.51668931002519,1.3019785835765167,7.876594774972994,326.0,340.0,353.0,89.0,0.0004997501249375312,2000,20260609,1947,150
spatial_ccem,daily_life_top_non_elite,socio_spatial_q4,0.9,pet_retail__elder_care,pet_formal_care_contrast,2071,328,287.29948300585494,40.70051699414506,1.1416658205170374,3.326717048898415,275.0,287.0,300.0,28.0,0.0004997501249375312,2000,20260609,1947,150
spatial_ccem,daily_life_top_non_elite,socio_spatial_q4,0.9,pet_medical__elder_care,pet_formal_care_contrast,2071,307,257.08598285424443,49.914017145755565,1.1941530090112087,4.102239892716825,244.0,257.0,270.0,37.0,0.0004997501249375312,2000,20260609,1947,150
spatial_ccem,daily_life_top_non_elite,socio_spatial_q4,0.9,elder_care__health_care,formal_care_pair,2071,423,351.59891534999616,71.40108465000384,1.2030753837193389,5.518041114907366,340.0,351.0,364.0,59.0,0.0004997501249375312,2000,20260609,1947,150
spatial_ccem,daily_life_top_non_elite,socio_spatial_q4,0.9,health_care__transit,urban_service_pair,2071,639,541.2957079655898,97.70429203441017,1.1805007699056451,7.467844638584097,528.0,541.0,554.0,85.0,0.0004997501249375312,2000,20260609,1947,150
spatial_ccem,daily_life_top_non_elite,socio_spatial_q4,0.9,daily_life__health_care,urban_service_pair,2071,780,597.9872441710389,182.01275582896108,1.3043756494860967,13.191054730718516,584.0,598.0,612.0,168.0,0.0004997501249375312,2000,20260609,1947,150
spatial_ccem,daily_life_top_non_elite,base_plus_spatial_q4,0.8,pet_retail__pet_medical,companion_animal_pair,2071,680,319.8392337945279,360.1607662054721,2.126068124703074,49.815089991404356,314.0,320.0,325.0,355.0,0.0004997501249375312,2000,20260609,826,116
spatial_ccem,daily_life_top_non_elite,base_plus_spatial_q4,0.8,pet_retail__elder_care,pet_formal_care_contrast,2071,541,303.1661698214639,237.83383017853612,1.784499900891309,28.649351709905066,297.0,303.0,309.0,232.0,0.0004997501249375312,2000,20260609,826,116
spatial_ccem,daily_life_top_non_elite,base_plus_spatial_q4,0.8,pet_medical__elder_care,pet_formal_care_contrast,2071,535,294.8882744815097,240.1117255184903,1.8142464326215384,28.801403695517234,288.0,295.0,302.0,233.0,0.0004997501249375312,2000,20260609,826,116
spatial_ccem,daily_life_top_non_elite,base_plus_spatial_q4,0.8,elder_care__health_care,formal_care_pair,2071,774,372.80541125541123,401.19458874458877,2.0761501218385696,43.601405925357184,367.0,373.0,379.0,395.0,0.0004997501249375312,2000,20260609,826,116
spatial_ccem,daily_life_top_non_elite,base_plus_spatial_q4,0.8,health_care__transit,urban_service_pair,2071,1200,490.2181457431458,709.7818542568542,2.447889802571182,88.6269254029783,484.0,490.0,497.0,703.0,0.0004997501249375312,2000,20260609,826,116
spatial_ccem,daily_life_top_non_elite,base_plus_spatial_q4,0.8,daily_life__health_care,urban_service_pair,2071,1731,675.0,1056.0,2.5644444444444443,127.14142093777305,675.0,675.0,675.0,1056.0,0.0004997501249375312,2000,20260609,826,116
spatial_ccem,daily_life_top_non_elite,base_plus_spatial_q4,0.9,pet_retail__pet_medical,companion_animal_pair,2071,442,243.93571534674476,198.06428465325524,1.8119527899869639,23.67298790559415,239.0,244.0,250.0,192.0,0.0004997501249375312,2000,20260609,826,116
spatial_ccem,daily_life_top_non_elite,base_plus_spatial_q4,0.9,pet_retail__elder_care,pet_formal_care_contrast,2071,328,229.639653538183,98.36034646181699,1.428324746821055,11.269696404645954,223.0,230.0,236.0,92.0,0.0004997501249375312,2000,20260609,826,116
spatial_ccem,daily_life_top_non_elite,base_plus_spatial_q4,0.9,pet_medical__elder_care,pet_formal_care_contrast,2071,307,205.25118623206856,101.74881376793144,1.4957282617255547,11.672044042081302,199.0,205.0,212.0,95.0,0.0004997501249375312,2000,20260609,826,116
spatial_ccem,daily_life_top_non_elite,base_plus_spatial_q4,0.9,elder_care__health_care,formal_care_pair,2071,423,264.7123015873016,158.28769841269838,1.5979612487351496,19.22882420200158,261.0,265.0,269.0,154.0,0.0004997501249375312,2000,20260609,826,116
spatial_ccem,daily_life_top_non_elite,base_plus_spatial_q4,0.9,health_care__transit,urban_service_pair,2071,639,346.3357142857143,292.6642857142857,1.8450306267659373,57.00019293799702,342.0,346.0,351.0,288.0,0.0004997501249375312,2000,20260609,826,116
spatial_ccem,daily_life_top_non_elite,base_plus_spatial_q4,0.9,daily_life__health_care,urban_service_pair,2071,780,374.4166666666667,405.5833333333333,2.0832405964834186,101.1754497881775,372.0,374.0,377.0,403.0,0.0004997501249375312,2000,20260609,826,116
spatial_ccem,daily_life_top_non_elite,fine_base_context_q5,0.8,pet_retail__pet_medical,companion_animal_pair,2071,680,532.2420125130802,147.75798748691977,1.277614288261937,11.786691832946804,521.0,532.0,545.0,135.0,0.0004997501249375312,2000,20260609,1694,167
spatial_ccem,daily_life_top_non_elite,fine_base_context_q5,0.8,pet_retail__elder_care,pet_formal_care_contrast,2071,541,458.55621094473304,82.44378905526696,1.1797899299748082,6.273433046931755,446.0,459.0,471.0,70.0,0.0004997501249375312,2000,20260609,1694,167
spatial_ccem,daily_life_top_non_elite,fine_base_context_q5,0.8,pet_medical__elder_care,pet_formal_care_contrast,2071,535,449.9954058472036,85.00459415279641,1.1889010266510582,6.5092941510393425,437.975,450.0,462.0,73.0,0.0004997501249375312,2000,20260609,1694,167
spatial_ccem,daily_life_top_non_elite,fine_base_context_q5,0.8,elder_care__health_care,formal_care_pair,2071,774,637.8962883023411,136.10371169765892,1.2133633855432475,9.084783665055484,628.975,638.0,647.0,127.0,0.0004997501249375312,2000,20260609,1694,167
spatial_ccem,daily_life_top_non_elite,fine_base_context_q5,0.8,health_care__transit,urban_service_pair,2071,1200,946.4331511934915,253.56684880650846,1.2679183928487185,18.377526613884168,935.0,946.0,958.0,242.0,0.0004997501249375312,2000,20260609,1694,167
spatial_ccem,daily_life_top_non_elite,fine_base_context_q5,0.8,daily_life__health_care,urban_service_pair,2071,1731,1392.0,339.0,1.2435344827586208,26.38056141963966,1392.0,1392.0,1392.0,339.0,0.0004997501249375312,2000,20260609,1694,167
spatial_ccem,daily_life_top_non_elite,fine_base_context_q5,0.9,pet_retail__pet_medical,companion_animal_pair,2071,442,352.6595565685235,89.3404434314765,1.2533333969474245,7.576535855017862,342.0,353.0,363.0,79.0,0.0004997501249375312,2000,20260609,1694,167
spatial_ccem,daily_life_top_non_elite,fine_base_context_q5,0.9,pet_retail__elder_care,pet_formal_care_contrast,2071,328,300.2510297210128,27.7489702789872,1.0924192343479087,2.404084317029614,289.0,300.0,311.0,17.0,0.0004997501249375312,2000,20260609,1694,167
spatial_ccem,daily_life_top_non_elite,fine_base_context_q5,0.9,pet_medical__elder_care,pet_formal_care_contrast,2071,307,271.3920422066728,35.607957793327216,1.1312048706505946,3.144826942032106,260.975,271.5,283.0,24.0,0.0004997501249375312,2000,20260609,1694,167
spatial_ccem,daily_life_top_non_elite,fine_base_context_q5,0.9,elder_care__health_care,formal_care_pair,2071,423,366.90180283768507,56.09819716231493,1.1528970332891288,4.748778437371274,359.0,367.0,375.0,48.0,0.0004997501249375312,2000,20260609,1694,167
spatial_ccem,daily_life_top_non_elite,fine_base_context_q5,0.9,health_care__transit,urban_service_pair,2071,639,538.334965687907,100.66503431209298,1.1869933047790402,9.565441113894115,528.0,538.0,548.0,91.0,0.0004997501249375312,2000,20260609,1694,167
spatial_ccem,daily_life_top_non_elite,fine_base_context_q5,0.9,daily_life__health_care,urban_service_pair,2071,780,649.3492512389571,130.6507487610429,1.2012025862996862,15.641593485800941,643.0,649.0,656.0,124.0,0.0004997501249375312,2000,20260609,1694,167
spatial_ccem,population_dense,base_context_q4,0.8,pet_retail__pet_medical,companion_animal_pair,3043,780,677.1815642476039,102.81843575239611,1.151832892655066,6.30186590638209,662.0,677.0,693.0,87.0,0.0004997501249375312,2000,20260609,2934,127
spatial_ccem,population_dense,base_context_q4,0.8,pet_retail__elder_care,pet_formal_care_contrast,3043,671,642.3214702494502,28.678529750549842,1.0446482502591923,1.8150350351332076,627.0,642.0,658.0,13.0,0.0004997501249375312,2000,20260609,2934,127
spatial_ccem,population_dense,base_context_q4,0.8,pet_medical__elder_care,pet_formal_care_contrast,3043,661,623.5837200734794,37.41627992652059,1.0600020153221954,2.3562689523008364,609.0,623.0,639.0,22.0,0.0004997501249375312,2000,20260609,2934,127
spatial_ccem,population_dense,base_context_q4,0.8,elder_care__health_care,formal_care_pair,3043,936,889.7870113308192,46.212988669180845,1.0519371356073877,2.706845197949166,878.0,890.0,901.0249999999999,34.975000000000136,0.0004997501249375312,2000,20260609,2934,127
spatial_ccem,population_dense,base_context_q4,0.8,health_care__transit,urban_service_pair,3043,1407,1328.6819812357364,78.31801876426357,1.0589441415404943,4.78065682739699,1314.0,1329.0,1343.0,64.0,0.0004997501249375312,2000,20260609,2934,127
spatial_ccem,population_dense,base_context_q4,0.8,daily_life__health_care,urban_service_pair,3043,1726,1622.9331313514078,103.06686864859216,1.0635065405083997,7.732554736370095,1611.0,1623.0,1635.0,91.0,0.0004997501249375312,2000,20260609,2934,127
spatial_ccem,population_dense,base_context_q4,0.9,pet_retail__pet_medical,companion_animal_pair,3043,507,420.74043474568975,86.25956525431025,1.205018482015993,5.772447497553251,407.0,421.0,436.0,71.0,0.0004997501249375312,2000,20260609,2934,127
spatial_ccem,population_dense,base_context_q4,0.9,pet_retail__elder_care,pet_formal_care_contrast,3043,426,418.82497037818945,7.175029621810552,1.0171313320104378,0.5106484883771022,405.0,419.0,432.0,-6.0,0.15342328835582209,2000,20260609,2934,127
spatial_ccem,population_dense,base_context_q4,0.9,pet_medical__elder_care,pet_formal_care_contrast,3043,392,365.77740879899216,26.222591201007845,1.0716900239604958,1.89175717749061,352.0,365.0,380.0,12.0,0.0004997501249375312,2000,20260609,2934,127
spatial_ccem,population_dense,base_context_q4,0.9,elder_care__health_care,formal_care_pair,3043,583,553.2063679504375,29.79363204956246,1.0538562709607704,2.1823441291981784,543.0,553.0,564.0,19.0,0.0004997501249375312,2000,20260609,2934,127
spatial_ccem,population_dense,base_context_q4,0.9,health_care__transit,urban_service_pair,3043,834,788.4695721754161,45.53042782458385,1.0577453200875764,3.6381088974439346,776.0,789.0,800.0,34.0,0.0004997501249375312,2000,20260609,2934,127
spatial_ccem,population_dense,base_context_q4,0.9,daily_life__health_care,urban_service_pair,3043,955,888.3127033132915,66.68729668670846,1.0750718710179124,5.971848634244717,877.0,888.0,900.0,55.0,0.0004997501249375312,2000,20260609,2934,127
spatial_ccem,population_dense,no_service_density_q4,0.8,pet_retail__pet_medical,companion_animal_pair,3043,780,687.5237850122658,92.47621498773424,1.1345062047360068,5.496615079717353,673.0,688.0,704.0,76.0,0.0004997501249375312,2000,20260609,3032,59
spatial_ccem,population_dense,no_service_density_q4,0.8,pet_retail__elder_care,pet_formal_care_contrast,3043,671,652.5435489868177,18.456451013182345,1.0282838609650484,1.1356910072650461,636.0,653.0,668.0249999999999,2.9750000000001364,0.013993003498250875,2000,20260609,3032,59
spatial_ccem,population_dense,no_service_density_q4,0.8,pet_medical__elder_care,pet_formal_care_contrast,3043,661,631.7455705330655,29.25442946693454,1.0463072965311806,1.785960229500273,615.0,632.0,648.0,13.0,0.0004997501249375312,2000,20260609,3032,59
spatial_ccem,population_dense,no_service_density_q4,0.8,elder_care__health_care,formal_care_pair,3043,936,909.8698584824933,26.130141517506672,1.0287185483439216,1.4706530889535265,898.0,910.0,922.0,14.0,0.0004997501249375312,2000,20260609,3032,59
spatial_ccem,population_dense,no_service_density_q4,0.8,health_care__transit,urban_service_pair,3043,1407,1367.6119840024069,39.38801599759313,1.0288005782768308,2.2669281558787886,1352.0,1368.0,1384.0,23.0,0.0004997501249375312,2000,20260609,3032,59
spatial_ccem,population_dense,no_service_density_q4,0.8,daily_life__health_care,urban_service_pair,3043,1726,1686.3718889784213,39.62811102157866,1.0234990343948303,2.841348019854157,1673.0,1686.0,1699.0,27.0,0.0004997501249375312,2000,20260609,3032,59
spatial_ccem,population_dense,no_service_density_q4,0.9,pet_retail__pet_medical,companion_animal_pair,3043,507,421.7482796452628,85.25172035473719,1.202138869247892,5.593091447913823,407.0,422.0,438.0,69.0,0.0004997501249375312,2000,20260609,3032,59
spatial_ccem,population_dense,no_service_density_q4,0.9,pet_retail__elder_care,pet_formal_care_contrast,3043,426,423.46621484432865,2.533785155671353,1.0059834411030943,0.17677765901463102,410.975,424.0,437.0,-11.0,0.3803098450774613,2000,20260609,3032,59
spatial_ccem,population_dense,no_service_density_q4,0.9,pet_medical__elder_care,pet_formal_care_contrast,3043,392,368.83518033343665,23.164819666563346,1.0628053420653143,1.6344201942720469,355.0,369.0,383.0,9.0,0.0009995002498750624,2000,20260609,3032,59
spatial_ccem,population_dense,no_service_density_q4,0.9,elder_care__health_care,formal_care_pair,3043,583,563.1424547372354,19.857545262764575,1.0352620284542926,1.4086551216112793,552.0,563.0,574.0,9.0,0.0004997501249375312,2000,20260609,3032,59
spatial_ccem,population_dense,no_service_density_q4,0.9,health_care__transit,urban_service_pair,3043,834,794.9032036816236,39.09679631837639,1.049184348656916,2.972984877177311,783.0,795.0,807.0,27.0,0.0004997501249375312,2000,20260609,3032,59
spatial_ccem,population_dense,no_service_density_q4,0.9,daily_life__health_care,urban_service_pair,3043,955,907.9694848927862,47.03051510721377,1.051797462238246,3.909983935123327,896.0,908.0,920.0,35.0,0.0004997501249375312,2000,20260609,3032,59
spatial_ccem,population_dense,socio_spatial_q4,0.8,pet_retail__pet_medical,companion_animal_pair,3043,780,621.5000402230352,158.49995977696483,1.255028076458506,9.69268368328597,606.0,621.0,637.0,143.0,0.0004997501249375312,2000,20260609,2942,162
spatial_ccem,population_dense,socio_spatial_q4,0.8,pet_retail__elder_care,pet_formal_care_contrast,3043,671,595.79615676856,75.20384323144003,1.1262241160455375,4.741569194648992,580.0,596.0,612.0,59.0,0.0004997501249375312,2000,20260609,2942,162
spatial_ccem,population_dense,socio_spatial_q4,0.8,pet_medical__elder_care,pet_formal_care_contrast,3043,661,588.994608821259,72.00539117874098,1.1222513586717604,4.524155394099387,574.0,589.0,604.0,57.0,0.0004997501249375312,2000,20260609,2942,162
spatial_ccem,population_dense,socio_spatial_q4,0.8,elder_care__health_care,formal_care_pair,3043,936,844.5761233411118,91.42387665888816,1.1082482373491909,5.3678341267580745,829.0,844.0,860.0,76.0,0.0004997501249375312,2000,20260609,2942,162
spatial_ccem,population_dense,socio_spatial_q4,0.8,health_care__transit,urban_service_pair,3043,1407,1242.9750196271912,164.02498037280884,1.1319616064544928,9.209776949298364,1225.0,1243.0,1262.0,145.0,0.0004997501249375312,2000,20260609,2942,162
spatial_ccem,population_dense,socio_spatial_q4,0.8,daily_life__health_care,urban_service_pair,3043,1726,1403.2910234656968,322.70897653430325,1.2299658240079892,17.60968266787254,1383.0,1403.0,1423.0,303.0,0.0004997501249375312,2000,20260609,2942,162
spatial_ccem,population_dense,socio_spatial_q4,0.9,pet_retail__pet_medical,companion_animal_pair,3043,507,383.9048115128224,123.09518848717761,1.3206398690396883,8.556484120194929,369.0,384.0,400.0,107.0,0.0004997501249375312,2000,20260609,2942,162
spatial_ccem,population_dense,socio_spatial_q4,0.9,pet_retail__elder_care,pet_formal_care_contrast,3043,426,385.1799308767462,40.8200691232538,1.1059766250810088,2.979100818165404,372.0,385.0,399.0,27.0,0.0004997501249375312,2000,20260609,2942,162
spatial_ccem,population_dense,socio_spatial_q4,0.9,pet_medical__elder_care,pet_formal_care_contrast,3043,392,334.1146957338755,57.88530426612448,1.173249800159136,4.170909394064006,320.0,334.0,348.0,44.0,0.0004997501249375312,2000,20260609,2942,162
spatial_ccem,population_dense,socio_spatial_q4,0.9,elder_care__health_care,formal_care_pair,3043,583,508.2429886321932,74.7570113678068,1.147089114931022,5.370975917144854,496.975,508.0,520.0,63.0,0.0004997501249375312,2000,20260609,2942,162
spatial_ccem,population_dense,socio_spatial_q4,0.9,health_care__transit,urban_service_pair,3043,834,725.88188753319,108.11811246680998,1.1489472520580926,7.7835951822927045,712.0,726.0,739.0,95.0,0.0004997501249375312,2000,20260609,2942,162
spatial_ccem,population_dense,socio_spatial_q4,0.9,daily_life__health_care,urban_service_pair,3043,955,752.4817146865267,202.51828531347326,1.2691338292490464,14.602006689201035,738.0,752.0,766.0,189.0,0.0004997501249375312,2000,20260609,2942,162
spatial_ccem,population_dense,base_plus_spatial_q4,0.8,pet_retail__pet_medical,companion_animal_pair,3043,780,487.3434569447278,292.6565430552722,1.6005139473709276,24.37983986622599,478.0,487.0,498.0,282.0,0.0004997501249375312,2000,20260609,1785,221
spatial_ccem,population_dense,base_plus_spatial_q4,0.8,pet_retail__elder_care,pet_formal_care_contrast,3043,671,487.7829216570891,183.2170783429109,1.3756119171218386,15.659802025891606,478.0,488.0,497.0,174.0,0.0004997501249375312,2000,20260609,1785,221
spatial_ccem,population_dense,base_plus_spatial_q4,0.8,pet_medical__elder_care,pet_formal_care_contrast,3043,661,479.0613058332337,181.9386941667663,1.3797816520587474,15.156072021428505,470.0,479.0,489.0,172.0,0.0004997501249375312,2000,20260609,1785,221
spatial_ccem,population_dense,base_plus_spatial_q4,0.8,elder_care__health_care,formal_care_pair,3043,936,641.6899264478211,294.3100735521789,1.4586484241405817,25.468680679348854,635.0,642.0,649.0,287.0,0.0004997501249375312,2000,20260609,1785,221
spatial_ccem,population_dense,base_plus_spatial_q4,0.8,health_care__transit,urban_service_pair,3043,1407,866.4374455953403,540.5625544046597,1.6238910346646345,55.696621087773565,857.0,866.0,875.0,532.0,0.0004997501249375312,2000,20260609,1785,221
spatial_ccem,population_dense,base_plus_spatial_q4,0.8,daily_life__health_care,urban_service_pair,3043,1726,975.3085137085137,750.6914862914863,1.769696435271601,88.1566631624834,967.0,976.0,983.0,743.0,0.0004997501249375312,2000,20260609,1785,221
spatial_ccem,population_dense,base_plus_spatial_q4,0.9,pet_retail__pet_medical,companion_animal_pair,3043,507,332.4556201205362,174.5443798794638,1.5250155789701507,14.960635035783808,323.0,333.0,343.0,164.0,0.0004997501249375312,2000,20260609,1785,221
spatial_ccem,population_dense,base_plus_spatial_q4,0.9,pet_retail__elder_care,pet_formal_care_contrast,3043,426,352.0709753646463,73.9290246353537,1.2099832982789451,6.542632774868908,343.0,352.0,361.0,65.0,0.0004997501249375312,2000,20260609,1785,221
spatial_ccem,population_dense,base_plus_spatial_q4,0.9,pet_medical__elder_care,pet_formal_care_contrast,3043,392,309.8751286074597,82.12487139254029,1.2650256952263295,7.11653522827853,301.0,309.5,319.02499999999986,72.97500000000014,0.0004997501249375312,2000,20260609,1785,221
spatial_ccem,population_dense,base_plus_spatial_q4,0.9,elder_care__health_care,formal_care_pair,3043,583,455.54180216802166,127.45819783197834,1.279794735028437,12.362116714046726,449.0,456.0,462.0,121.0,0.0004997501249375312,2000,20260609,1785,221
spatial_ccem,population_dense,base_plus_spatial_q4,0.9,health_care__transit,urban_service_pair,3043,834,608.162495160666,225.83750483933397,1.3713440184759693,27.655149632095497,601.0,608.0,616.0,218.0,0.0004997501249375312,2000,20260609,1785,221
spatial_ccem,population_dense,base_plus_spatial_q4,0.9,daily_life__health_care,urban_service_pair,3043,955,637.3408730158728,317.65912698412717,1.4984132360458482,44.43421996251677,630.0,637.0,645.0,310.0,0.0004997501249375312,2000,20260609,1785,221
spatial_ccem,population_dense,fine_base_context_q5,0.8,pet_retail__pet_medical,companion_animal_pair,3043,780,663.5791979684966,116.4208020315034,1.1754437185311384,7.60583593722679,650.0,663.0,678.0,102.0,0.0004997501249375312,2000,20260609,2739,195
spatial_ccem,population_dense,fine_base_context_q5,0.8,pet_retail__elder_care,pet_formal_care_contrast,3043,671,621.70485329527,49.29514670472997,1.0792902716513264,3.272682618417709,608.0,622.0,636.0,35.0,0.0004997501249375312,2000,20260609,2739,195
spatial_ccem,population_dense,fine_base_context_q5,0.8,pet_medical__elder_care,pet_formal_care_contrast,3043,661,605.0359534926462,55.96404650735383,1.0924970593636532,3.6661252690583126,591.0,605.0,619.0,42.0,0.0004997501249375312,2000,20260609,2739,195
spatial_ccem,population_dense,fine_base_context_q5,0.8,elder_care__health_care,formal_care_pair,3043,936,849.1083104550532,86.89168954494676,1.1023328690522176,5.4407385587272765,839.0,849.0,859.0,77.0,0.0004997501249375312,2000,20260609,2739,195
spatial_ccem,population_dense,fine_base_context_q5,0.8,health_care__transit,urban_service_pair,3043,1407,1243.4158934498848,163.58410655011517,1.1315602506062934,10.785873250683403,1230.0,1243.0,1257.0,150.0,0.0004997501249375312,2000,20260609,2739,195
spatial_ccem,population_dense,fine_base_context_q5,0.8,daily_life__health_care,urban_service_pair,3043,1726,1528.1337139849375,197.86628601506254,1.1294823117926531,17.02626113708065,1521.0,1528.0,1536.0,190.0,0.0004997501249375312,2000,20260609,2739,195
spatial_ccem,population_dense,fine_base_context_q5,0.9,pet_retail__pet_medical,companion_animal_pair,3043,507,420.40727262441294,86.59272737558706,1.2059734286588997,6.007450190393825,406.0,420.0,434.0,73.0,0.0004997501249375312,2000,20260609,2739,195
spatial_ccem,population_dense,fine_base_context_q5,0.9,pet_retail__elder_care,pet_formal_care_contrast,3043,426,407.4858785555419,18.514121444458112,1.0454350013553526,1.3466681645751533,396.0,408.0,420.0,6.0,0.00399800099950025,2000,20260609,2739,195
spatial_ccem,population_dense,fine_base_context_q5,0.9,pet_medical__elder_care,pet_formal_care_contrast,3043,392,361.46896087881254,30.53103912118746,1.0844637919863427,2.2373089021382357,348.0,361.0,375.0,17.0,0.0004997501249375312,2000,20260609,2739,195
spatial_ccem,population_dense,fine_base_context_q5,0.9,elder_care__health_care,formal_care_pair,3043,583,541.3043151321197,41.695684867880345,1.077028177500679,3.122553046010137,532.0,541.0,551.0,32.0,0.0004997501249375312,2000,20260609,2739,195
spatial_ccem,population_dense,fine_base_context_q5,0.9,health_care__transit,urban_service_pair,3043,834,761.684512292622,72.315487707378,1.09494152308508,6.121276465548273,751.0,762.0,773.0,61.0,0.0004997501249375312,2000,20260609,2739,195
spatial_ccem,population_dense,fine_base_context_q5,0.9,daily_life__health_care,urban_service_pair,3043,955,876.8916658241643,78.1083341758357,1.0890740979986666,7.4463268824329685,870.0,877.0,883.0,72.0,0.0004997501249375312,2000,20260609,2739,195
